i,j,lb,ub_min_x,nc,rfr,rsr,ub_ext_1,ub_none,ub_bad,ub_ext_21,ub_ext_22,ub_ext_23,ub_ext_25,ub_ext_3,ub_ext_4
1,1,43,46.1775413,1.5,0.25,0.2,46.17754126,48.17859827,48.17859827,46.45391239,46.2563982,46.24968476,46.17912114,45.9890228,45.98902281
1,2,47,49.2791252,1.5,0.25,0.2,49.27912517,52.35919408,52.35919408,49.91989111,49.71672316,49.44387367,49.27970503,49.2791252,49.27912517
1,3,47,48.5628514,1.5,0.25,0.2,48.56285144,50.37952638,50.37952638,48.95690733,48.95520674,48.6970715,48.57160159,48.5625024,48.56250241
1,4,62,64.3161942,1.5,0.25,0.2,64.31619416,67.20582788,67.20582788,65.53304177,65.03163788,64.75251574,64.39243079,64.3265612,64.31619416
1,5,39,41.2236185,1.5,0.25,0.2,41.22361845,42.95533962,42.95533962,41.29036324,41.26544278,41.23517711,41.22094479,41.2209448,41.22094479
1,6,48,50.5424151,1.5,0.25,0.2,50.54241507,52.70863975,52.70863975,50.60555565,50.54035687,50.53973554,50.54241507,50.5424151,50.54241507
1,7,60,62.28859,1.5,0.25,0.2,62.28858996,64.22366739,64.22366739,62.34351135,61.70411763,61.44158863,61.3739976,61.329635,61.32963503
1,8,53,56.5459617,1.5,0.25,0.2,56.54596165,58.82310922,58.82310922,56.97051878,56.77253301,56.59369878,56.54724673,56.5459616,56.54596165
1,9,49,51.8709251,1.5,0.25,0.2,51.87092506,53.62782607,53.62782607,52.17125738,52.01999019,51.93080889,51.86416886,51.8506369,51.85063688
1,10,45,47.3839866,1.5,0.25,0.2,47.38398661,49.75422843,49.75422843,48.00697344,47.53263537,47.46734688,47.35411543,47.3505913,47.35059132
2,1,38,39.8165569,1.5,0.25,0.5,39.8165569,42.19272328,42.19272328,40.69041583,40.16806719,40.07106853,40.00785789,39.5800145,39.59074622
2,2,51,52.8283605,1.5,0.25,0.5,52.82836046,54.84429207,54.84429207,53.20680402,53.08419649,52.77522656,52.74242502,52.7062405,52.70624053
2,3,43,46.1244059,1.5,0.25,0.5,46.12440588,48.90981911,48.90981911,46.72123543,46.41862664,46.13631167,46.06221508,46.2183554,46.02336385
2,4,43,44.2589009,1.5,0.25,0.5,44.25890085,48.59500648,48.59500648,45.02037478,44.5342117,44.28882187,44.0338652,43.7994202,43.65511705
2,5,51,53.0677749,1.5,0.25,0.5,53.0677749,55.64315043,55.64315043,54.09301412,53.40542348,53.32228584,53.19736078,53.0677749,53.0677749
2,6,47,48.6074342,1.5,0.25,0.5,48.60743421,51.45248694,51.45248694,48.22764713,47.7878324,47.68783273,47.58432945,47.4220835,47.39096181
2,7,47,48.6917296,1.5,0.25,0.5,48.69172959,52.02671203,52.02671203,49.17049268,48.52835353,48.13058282,47.69548674,47.831948,47.83194804
2,8,54,57.5293868,1.5,0.25,0.5,57.52938682,59.44609643,59.44609643,57.89132795,57.66764267,57.62160254,57.52193376,57.5127977,57.51279773
2,9,54,56.9440789,1.5,0.25,0.5,56.94407887,60.12995518,60.12995518,57.23690677,56.49130726,56.38148866,56.20641682,56.1373791,56.14600182
2,10,43,45.6603369,1.5,0.25,0.5,45.66033687,48.07660354,48.07660354,46.26950667,45.85476869,45.66566046,45.60005514,45.5842682,45.58426818
3,1,72,74.5187287,1.5,0.25,0.7,74.51872866,77.87226315,77.87226315,74.77595291,74.45642717,74.30556371,74.17365768,74.1060424,74.10604236
3,2,40,42.9290532,1.5,0.25,0.7,42.95498393,44.9913351,44.9913351,43.01871021,42.6253465,42.46723097,42.92857734,42.2087793,42.20877925
3,3,57,58.24174,1.5,0.25,0.7,58.24173995,61.09943285,61.09943285,59.59109956,59.09500913,58.55355576,58.45166497,58.193248,58.19324796
3,4,98,99.9892672,1.5,0.25,0.7,99.98926716,103.6772146,103.6772146,99.62109073,99.40608411,99.18415406,99.11719623,99.0787706,99.04552777
3,5,53,53.8639841,1.5,0.25,0.7,53.86398405,57.5338496,57.5338496,54.92986993,54.43714108,54.43714108,53.93914494,53.863984,53.86398405
3,6,54,56.0400623,1.5,0.25,0.7,56.04006229,58.87517311,58.87517311,56.63568212,56.15922208,56.07770115,56.03650934,56.0049184,56.00491842
3,7,48,48.2174726,1.5,0.25,0.7,48.21747257,51.44856692,51.44856692,50.10602936,48.91276318,48.72587732,48.25168119,48.2157564,48.21575644
3,8,54,54.9542245,1.5,0.25,0.7,54.95422449,57.72920843,57.72920843,55.88263879,55.65712589,55.24982787,54.95076688,54.9324051,54.93240509
3,9,65,66.4744905,1.5,0.25,0.7,66.47449051,68.26105933,68.26105933,66.83274207,66.62056808,66.50328125,66.39288416,66.3795862,66.3795862
3,10,59,60.4300637,1.5,0.25,0.7,60.43006372,63.15058072,63.15058072,61.11874021,60.60602296,60.59327651,60.5673501,60.4185018,60.4185018
4,1,49,49.6721768,1.5,0.25,1,49.67217675,52.6164038,52.6164038,50.33577416,50.15318558,50.04083386,49.70167535,49.6721767,49.82374533
4,2,60,60.4601578,1.5,0.25,1,60.4601578,62.90590771,62.90590771,61.03515615,60.88976624,60.88976624,60.55982135,60.3676164,60.36761642
4,3,47,48.0563038,1.5,0.25,1,48.05630381,51.24434027,51.24434027,48.87871383,48.57769012,48.49655306,47.96386355,47.9989876,47.99898755
4,4,57,57.5529442,1.5,0.25,1,57.55294415,59.8974671,59.8974671,58.18651611,57.96912467,57.78508804,57.64564238,57.417869,57.41786901
4,5,59,59.7939963,1.5,0.25,1,59.76669919,62.82926274,62.82926274,61.19199851,60.12871601,60.10443215,60.02244335,59.7666992,59.76669919
4,6,45,46.2619063,1.5,0.25,1,46.2619063,49.54270406,49.54270406,47.11639505,47.11466776,46.80472513,47.08902641,46.1429135,46.14438587
4,7,56,58.6742819,1.5,0.25,1,58.59072418,61.71175141,61.71175141,58.92385492,58.9306385,58.67879751,58.58026676,58.4240267,58.42402666
4,8,55,56.6899444,1.5,0.25,1,56.6899444,60.07612431,60.07612431,57.11768989,56.64531049,56.49834841,56.35274065,56.1366783,56.13720339
4,9,38,41.0694849,1.5,0.25,1,41.06948493,43.04893201,43.04893201,41.23209001,41.16697355,41.23045379,41.16285402,41.0640409,41.06404321
4,10,48,49.2949456,1.5,0.25,1,49.71725448,52.90305995,52.90305995,51.04454768,50.6419124,49.77146195,49.35501227,49.2949456,48.97700371
5,1,53,56.053881,1.5,0.5,0.2,55.98629912,58.0213699,58.0213699,56.34488487,56.22281744,56.07369199,56.23897075,55.8607979,55.86079787
5,2,82,85.0482679,1.5,0.5,0.2,85.04847497,86.25979238,86.25979238,85.08349678,84.8538556,84.7947126,84.77252187,84.744144,84.74414405
5,3,76,80.1379077,1.5,0.5,0.2,80.1446958,80.85564633,80.85564633,79.94120364,79.74996708,79.69619606,79.60463504,79.604635,79.60463504
5,4,63,69.2341196,1.5,0.5,0.2,69.2341196,71.11936196,71.11936196,69.36816149,69.17351838,69.16917026,69.10731414,69.1625757,69.16257573
5,5,76,81.3380605,1.5,0.5,0.2,81.33354553,82.52421392,82.52421392,81.47813635,81.45330607,81.39296449,81.34978578,81.3766728,81.34448366
5,6,64,68.4615737,1.5,0.5,0.2,68.46157372,68.84081059,68.84081059,68.21163743,67.99583359,68.10505013,68.23134085,68.0478393,68.04783932
5,7,76,78.9701871,1.5,0.5,0.2,78.97018708,80.21168097,80.21168097,78.81430042,78.7216137,78.6699889,78.9810156,78.6505507,78.65055068
5,8,67,71.1232425,1.5,0.5,0.2,71.12324254,72.51651522,72.51651522,71.60664777,71.3081178,71.0953617,71.12498846,71.0936158,71.09361577
5,9,49,52.7896446,1.5,0.5,0.2,52.79023311,54.50003774,54.50003774,52.85596902,52.7629189,52.74950262,52.72886425,52.7289727,52.72897267
5,10,70,73.3618593,1.5,0.5,0.2,73.69245336,75.67513871,75.67513871,73.7604351,73.76042147,73.37317584,74.05616341,73.3531381,73.35091429
6,1,59,62.9049771,1.5,0.5,0.5,62.94188924,64.21313986,64.21313986,62.18722433,62.10547766,62.41969993,62.56358328,62.3497814,62.34978135
6,2,51,54.9378854,1.5,0.5,0.5,54.98378202,56.93371917,56.93371917,55.11263506,54.81151783,54.73035502,54.75271435,54.6583944,54.65839437
6,3,48,51.4945129,1.5,0.5,0.5,51.49451289,53.04984769,53.04984769,51.78111434,51.67682785,51.50042908,51.43459057,51.387973,51.38797296
6,4,42,45.9078241,1.5,0.5,0.5,45.90782411,47.27078724,47.27078724,46.03516985,45.79949817,45.74162455,45.88995314,45.7611759,45.76117591
6,5,67,69.1620218,1.5,0.5,0.5,69.16202175,72.26040765,72.26040765,69.9325906,69.87812716,69.59796208,69.2006782,69.0273228,69.02732283
6,6,37,39.796223,1.5,0.5,0.5,40.30426541,42.37387228,42.37387228,39.78481169,39.71943968,39.64339339,39.67720884,39.8144696,39.61508616
6,7,46,49.5441238,1.5,0.5,0.5,49.59986028,51.1158446,51.1158446,49.79610333,49.65169995,49.6155754,49.58587311,49.567253,49.53759977
6,8,39,43.3429221,1.5,0.5,0.5,43.34292211,44.69068421,44.69068421,43.45524746,43.42910843,43.36222821,43.40200832,43.2645895,43.15882603
6,9,51,54.0608783,1.5,0.5,0.5,53.65059864,56.43179118,56.43179118,53.75327383,53.67278941,53.65836234,53.74889582,53.649922,53.64992203
6,10,61,65.6944893,1.5,0.5,0.5,65.69448927,67.21526683,67.21526683,65.84597556,65.60162072,65.68170198,65.70427247,65.6354669,65.62476667
7,1,55,57.3850495,1.5,0.5,0.7,57.15985198,58.63032863,58.63032863,57.38255657,57.07723135,56.81216049,56.72386044,56.8721106,56.66509433
7,2,42,44.8975247,1.5,0.5,0.7,44.89752469,46.77627473,46.77627473,45.01859839,44.77188962,45.16413008,44.8748319,44.4929617,44.51913841
7,3,42,45.2094785,1.5,0.5,0.7,44.99447268,47.90669246,47.90669246,45.18686487,45.11931136,45.13581001,44.96030146,45.0042092,45.00420924
7,4,44,47.6435265,1.5,0.5,0.7,47.65515318,48.76239421,48.76239421,47.46608051,47.41132658,47.4041428,47.31270048,47.6435265,47.31405954
7,5,44,47.9764718,1.5,0.5,0.7,47.98047085,49.93932943,49.93932943,47.79965463,47.69926322,47.57184536,47.97193206,47.4923373,47.49233729
7,6,35,36.2599577,1.5,0.5,0.7,36.24913914,39.40746846,39.40746846,36.76786205,36.55283228,36.44557389,36.34222866,36.0250763,36.02673194
7,7,50,53.0889531,1.5,0.5,0.7,52.98252212,55.1293061,55.1293061,53.60351624,53.18444877,53.09400029,53.05713404,53.0616235,53.05451088
7,8,44,46.8280177,1.5,0.5,0.7,47.40556852,48.72382096,48.72382096,47.41241145,46.69796425,46.46976073,46.40294789,46.429188,46.42879785
7,9,60,63.0277455,1.5,0.5,0.7,62.82226557,64.36072405,64.36072405,62.37272973,62.32815457,62.57221394,62.67045418,62.2750588,62.23429363
7,10,49,52.5302462,1.5,0.5,0.7,52.5258365,54.08788259,54.08788259,52.32342862,52.24608386,52.144846,52.13448759,52.0408329,52.04051582
8,1,44,45.9804967,1.5,0.5,1,45.58547506,49.032465,49.032465,46.86242055,45.97117544,46.0912858,45.6781142,45.1879275,45.18792752
8,2,51,53.1677031,1.5,0.5,1,52.60051896,56.77917752,56.77917752,53.14298046,52.9058909,52.8736667,52.60040004,52.4434508,52.44361982
8,3,53,54.9016552,1.5,0.5,1,53.53317645,58.27455055,58.27455055,55.65116371,55.01555655,54.16303997,55.1309287,53.6485725,53.65056488
8,4,48,50.1450449,1.5,0.5,1,50.09931979,51.34388518,51.34388518,50.50317757,50.46495057,50.80648676,50.26370341,50.1526374,50.15263738
8,5,58,60.2312562,1.5,0.5,1,60.23249643,61.60078372,61.60078372,60.11438859,59.66062863,59.50633365,60.28728859,58.4903588,58.5186775
8,6,47,49.7749231,1.5,0.5,1,49.78126397,52.20600513,52.20600513,50.51256176,50.1348303,49.95897179,49.82621378,49.8170638,49.81712993
8,7,41,42.2555459,1.5,0.5,1,42.36719221,45.9005113,45.9005113,43.03448339,42.66604923,42.58287488,42.41896186,42.1868233,42.18682328
8,8,51,53.2910442,1.5,0.5,1,53.29104423,55.88282147,55.88282147,52.61545598,52.59033521,52.39608118,52.25277624,52.2146856,52.21362986
8,9,39,40.9088433,1.5,0.5,1,40.90884329,42.96290417,42.96290417,41.47192993,40.90032214,40.57073008,40.37810178,40.362925,40.36292501
8,10,67,69.508398,1.5,0.5,1,69.62494865,71.09556636,71.09556636,69.17300367,68.88651567,68.72096237,69.20926926,68.3284643,68.30468028
9,1,83,86.9947175,1.5,0.75,0.2,87.00917714,87.441214,87.441214,86.88485594,86.78338964,86.79310952,86.68442591,86.7155917,86.63892487
9,2,92,93.6266151,1.5,0.75,0.2,93.62661514,95.22677995,95.22677995,94.16293028,94.16293028,93.43128831,93.43128831,93.350548,93.35054796
9,3,68,73.53366,1.5,0.75,0.2,73.30706526,73.9497749,73.9497749,73.2867581,73.26973446,73.25807341,73.28523216,73.2567392,73.25673921
9,4,71,75.4206982,1.5,0.75,0.2,75.3226678,75.66389429,75.66389429,75.54054578,75.44346806,75.24676861,75.1294029,75.3871497,75.23743469
9,5,70,73.247687,1.5,0.75,0.2,73.24768697,74.71598539,74.71598539,73.41391407,73.22706044,73.2412004,73.24780211,73.247687,73.24768697
9,6,59,63.414389,1.5,0.75,0.2,63.41438895,64.04963099,64.04963099,63.42749484,63.42321797,63.42321797,63.41606065,63.4143037,63.41430375
9,7,63,67.2794573,1.5,0.75,0.2,67.46185642,68.68047982,68.68047982,66.95633014,66.81219984,66.73406825,66.89460127,66.734073,66.69064471
9,8,91,95.4543123,1.5,0.75,0.2,95.45431231,96.83529528,96.83529528,95.39353236,95.48252488,95.48252488,95.1398883,95.0147264,94.85189683
9,9,63,66.7065062,1.5,0.75,0.2,66.70650617,66.99564575,66.99564575,66.71080278,66.70937064,66.70436699,66.70724169,66.7065062,66.70650617
9,10,88,92.742467,1.5,0.75,0.2,92.72180865,93.63801715,93.63801715,91.53733749,91.49298767,92.15482404,92.12628255,91.8762241,91.87426859
10,1,42,46.5109434,1.5,0.75,0.5,46.51855519,48.30474807,48.30474807,46.40774525,46.40603604,46.31748322,46.30061606,46.2376887,46.23768866
10,2,56,60.7407371,1.5,0.75,0.5,61.00253177,62.25606635,62.25606635,60.84589851,60.97214805,60.95536017,61.04780001,61.1749661,60.92899754
10,3,62,68.4454227,1.5,0.75,0.5,68.42550879,68.9922737,68.9922737,68.31669959,67.87803636,68.00397916,67.90069602,67.8616545,67.86165449
10,4,58,63.3632585,1.5,0.75,0.5,63.36376047,64.42585503,64.42585503,63.20018175,63.03015861,63.05593357,63.30333229,63.0021832,62.95209189
10,5,41,46.1786353,1.5,0.75,0.5,46.13839049,47.64838339,47.64838339,46.01509063,45.8882644,46.06183051,46.1811158,45.8886155,45.88943872
10,6,44,48.1961742,1.5,0.75,0.5,48.31227379,49.0197234,49.0197234,48.23688513,48.17663987,48.31318829,48.16836234,48.3118546,48.31185457
10,7,49,53.8319084,1.5,0.75,0.5,53.821157,55.53679451,55.53679451,53.74321831,53.64892753,54.03053941,53.85018081,53.4986271,53.49862708
10,8,54,60.0185916,1.5,0.75,0.5,59.99526598,60.78232245,60.78232245,59.29923764,59.11782538,59.04912353,59.58554874,59.0415965,59.04159646
10,9,49,51.744885,1.5,0.75,0.5,51.70994222,54.57184034,54.57184034,51.66247531,52.1288862,52.05265708,52.03112419,51.3705005,51.18059846
10,10,41,45.8163828,1.5,0.75,0.5,45.86639552,47.33762063,47.33762063,45.63470251,45.6688315,45.54339107,45.72332651,45.4800921,45.48009214
11,1,54,58.4429805,1.5,0.75,0.7,58.44255733,59.95651933,59.95651933,58.46722695,58.52220845,58.45247126,58.47176981,58.3003707,58.30632502
11,2,56,61.3417808,1.5,0.75,0.7,61.4200615,62.59217807,62.59217807,61.19299434,61.42535251,61.58030084,60.9355255,60.868969,60.86801084
11,3,81,82.1407817,1.5,0.75,0.7,82.14078166,84.73668198,84.73668198,83.90448258,82.91759915,82.35866705,82.67688793,82.1535751,82.08618853
11,4,63,66.4263175,1.5,0.75,0.7,66.68224933,68.1067617,68.1067617,65.92705518,66.03791621,64.78866325,64.50510572,64.555976,64.30462638
11,5,49,53.7727996,1.5,0.75,0.7,53.97403318,54.75486863,54.75486863,53.30528682,53.57437708,53.51581504,53.51319902,53.5036444,53.50370132
11,6,44,48.7136769,1.5,0.75,0.7,48.71651845,49.59257219,49.59257219,48.84489992,48.53974314,48.48114264,48.57629991,48.6377621,48.63328632
11,7,36,40.2935344,1.5,0.75,0.7,40.26608283,41.88023749,41.88023749,40.41778158,40.14744471,40.04725776,40.20032356,40.0544574,40.05445737
11,8,62,65.6115192,1.5,0.75,0.7,65.36417888,66.63666971,66.63666971,65.51271116,65.37447253,65.31929142,65.2338288,65.2518708,65.25187077
11,9,67,70.1880646,1.5,0.75,0.7,70.18806464,71.77926366,71.77926366,69.09950288,68.6833203,68.87697117,68.30436446,68.2713627,68.27136267
11,10,38,42.2048456,1.5,0.75,0.7,41.86819735,43.26911311,43.26911311,41.73308318,41.58144367,41.67963533,41.40332952,41.4264124,41.39879432
12,1,47,50.4184063,1.5,0.75,1,50.42128634,52.67563157,52.67563157,50.6542891,50.37630917,50.22339486,50.0893193,50.359365,50.35936501
12,2,46,50.614574,1.5,0.75,1,50.49928488,53.33352157,53.33352157,50.28703676,50.66668284,50.54410125,49.77660977,49.6870815,49.96307277
12,3,37,37.8559213,1.5,0.75,1,38.6388841,41.31263667,41.31263667,38.61301408,38.13810502,38.14268397,37.79352711,37.671911,37.671911
12,4,63,65.2647968,1.5,0.75,1,65.26479682,68.16262667,68.16262667,65.90565383,65.77126094,65.0145886,64.83352773,64.7897596,64.7842401
12,5,47,47.5370047,1.5,0.75,1,47.53695665,51.30319853,51.30319853,49.02655977,48.94555958,48.21426525,47.63488482,47.3996799,47.40491302
12,6,53,55.1302983,1.5,0.75,1,55.13029831,57.33834986,57.33834986,56.34095171,55.15265009,55.24484734,55.25227589,54.3748929,54.51841018
12,7,55,56.4185488,1.5,0.75,1,56.22387389,59.80859409,59.80859409,57.42605328,57.18265422,56.59933955,56.09100263,56.4057718,56.20332303
12,8,35,36.8994609,1.5,0.75,1,36.90570469,39.43753917,39.43753917,37.2888942,37.37795892,37.18939373,37.05812923,37.0500676,37.03654964
12,9,52,54.3481193,1.5,0.75,1,54.67978981,56.66841237,56.66841237,55.0653161,54.94832273,54.57830736,54.22471201,54.3310465,54.3310465
12,10,57,58.6742996,1.5,0.75,1,58.46864588,62.25470891,62.25470891,59.33781668,59.17707157,58.34078923,58.0729868,57.2008371,57.18741184
13,1,58,63.3026603,1.5,1,0.2,63.30848305,63.96083222,63.96083222,63.23023304,63.49498452,63.2549002,63.36817615,63.3485937,63.34859369
13,2,62,66.8988242,1.5,1,0.2,66.80385521,67.40616084,67.40616084,66.93896668,66.83482913,66.80482673,66.83840543,66.8082826,66.80243752
13,3,76,80.6648645,1.5,1,0.2,80.66508088,81.90584252,81.90584252,80.78203946,80.58724056,80.58885115,80.56504587,80.5610937,80.56131007
13,4,72,76.9393476,1.5,1,0.2,76.93934759,77.26326595,77.26326595,76.93556742,76.90151506,76.90151506,76.9411917,76.902905,76.90290503
13,5,67,72.7964583,1.5,1,0.2,73.04019324,73.90257053,73.90257053,72.7338061,72.41030817,72.88223941,73.13820148,72.2397545,72.23741988
13,6,64,69.3654908,1.5,1,0.2,69.40375099,69.76346344,69.76346344,69.32821929,69.3143584,69.30586911,69.30311917,69.3031192,69.30311917
13,7,77,82.1011234,1.5,1,0.2,82.1011234,82.77351258,82.77351258,81.63141407,81.63141407,81.63141407,81.63141407,81.6309927,81.6309927
13,8,106,110.4862773,1.5,1,0.2,110.4862773,111.3973698,111.3973698,110.3296249,110.3296249,110.4910808,110.4862773,110.525237,110.3231618
13,9,71,76.9334767,1.5,1,0.2,76.97197816,77.56378903,77.56378903,76.26575875,76.20481269,76.2007878,76.45286159,76.2450036,76.24500361
13,10,64,67.4202403,1.5,1,0.2,68.44567872,69.30134874,69.30134874,67.1976188,67.37763347,68.08645544,68.1198525,67.364255,67.42266218
14,1,50,53.647715,1.5,1,0.5,53.65256144,54.47970441,54.47970441,53.91738678,53.70569666,53.6685207,53.64843015,53.5143939,53.49598005
14,2,53,58.6279773,1.5,1,0.5,58.62797725,59.77755992,59.77755992,58.73486809,58.75321702,58.62956074,58.60229975,58.5640992,58.5829503
14,3,58,63.5103757,1.5,1,0.5,63.58028881,64.7201819,64.7201819,63.74423893,63.53631656,63.4952382,63.49829839,63.4832625,63.47961322
14,4,50,54.6290847,1.5,1,0.5,54.61209029,56.58715636,56.58715636,54.19731452,54.18378649,54.44927816,54.07587919,54.1555338,54.15531964
14,5,52,55.4539104,1.5,1,0.5,55.31350359,56.46110862,56.46110862,55.4226883,55.15852704,55.03218565,55.02685481,54.9960057,54.99600568
14,6,35,39.1228848,1.5,1,0.5,39.12288478,40.46113169,40.46113169,39.08182208,38.92878032,39.0023074,39.06452936,38.8129135,38.83291052
14,7,50,55.1160726,1.5,1,0.5,55.14325278,56.12879156,56.12879156,54.70087237,54.60033336,54.72350847,54.78406884,54.5884286,54.58842864
14,8,54,58.4026464,1.5,1,0.5,58.38141299,59.92090415,59.92090415,58.61345243,58.27830403,58.19304146,58.14927464,58.1749862,58.16444836
14,9,46,50.9731763,1.5,1,0.5,51.17616076,52.33549842,52.33549842,50.7415665,50.99629878,50.82433498,50.97251312,50.7099993,50.70999931
14,10,61,65.7791163,1.5,1,0.5,66.16230652,66.88462684,66.88462684,65.74422853,65.65278165,65.30686131,65.21134926,65.1924409,65.38416276
15,1,46,49.3343041,1.5,1,0.7,49.19993025,50.45891039,50.45891039,49.56843199,49.2872782,49.23967807,49.17450988,49.2598797,49.25987967
15,2,47,49.5013382,1.5,1,0.7,49.38554961,51.91456145,51.91456145,49.87723207,49.46430452,49.38321343,49.54067713,49.1443373,49.10252979
15,3,48,50.690942,1.5,1,0.7,50.55619217,52.99854713,52.99854713,50.61497126,50.71089474,51.0037394,50.77591854,50.6487697,50.64876975
15,4,48,49.8321134,1.5,1,0.7,49.48317321,52.07602397,52.07602397,50.3874852,49.79093063,50.08924474,49.69350609,49.5148575,49.56231887
15,5,58,64.3402475,1.5,1,0.7,64.27671914,65.5052429,65.5052429,63.66779911,63.96369848,64.24632733,64.07910173,63.9548454,63.83742784
15,6,67,70.2997732,1.5,1,0.7,70.28753993,71.62576902,71.62576902,70.23186563,69.45953787,69.33650944,68.45793742,68.3815562,68.33985834
15,7,47,49.487131,1.5,1,0.7,49.50556176,52.26343921,52.26343921,49.25039815,49.02913854,49.02271597,49.03221262,48.9281588,48.95051258
15,8,50,53.394937,1.5,1,0.7,53.4211741,54.74092105,54.74092105,53.78122005,53.2898731,52.62119117,53.4622444,53.0456784,53.04281603
15,9,54,56.8310189,1.5,1,0.7,58.39371884,59.67721696,59.67721696,57.49363504,56.96752655,56.66701511,56.87430314,56.8741309,56.87005967
15,10,65,67.2960293,1.5,1,0.7,68.18203527,71.03233365,71.03233365,67.23572353,66.32464698,66.35609305,67.26091873,66.4189389,66.31365625
16,1,51,53.3434199,1.5,1,1,53.77672376,55.62414498,55.62414498,52.38942782,52.32790617,51.70505874,52.3053392,52.054597,52.05771593
16,2,48,50.2517087,1.5,1,1,51.48293203,55.22704753,55.22704753,50.63513785,50.81186387,50.51032679,49.79599435,49.5587394,50.04240792
16,3,36,38.4316888,1.5,1,1,38.37508702,40.90119294,40.90119294,38.84414792,38.57820183,38.47608286,38.32089162,38.3044395,38.30502256
16,4,47,47.8545298,1.5,1,1,47.84284135,51.79250224,51.79250224,48.93925951,48.40958373,48.25259513,47.83433634,47.7400449,47.7532981
16,5,51,52.0034725,1.5,1,1,51.96977061,54.8127381,54.8127381,53.85609789,52.45144269,52.47972081,52.35161787,51.9886033,51.97445886
16,6,51,52.5974529,1.5,1,1,52.59745294,55.06360053,55.06360053,53.65535261,52.61990577,52.21020744,52.52852746,53.1577283,52.27923561
16,7,34,35.2670155,1.5,1,1,35.19717844,37.98890615,37.98890615,36.21645608,35.99511315,35.91128897,35.99881954,35.0303518,35.02790627
16,8,44,44.4654787,1.5,1,1,44.19866182,48.60008749,48.60008749,45.47129305,45.18453348,45.01718836,44.4875288,44.0547737,44.05375683
16,9,44,44.4743297,1.5,1,1,44.44751378,48.01059252,48.01059252,45.13522346,44.88481671,45.91173579,45.84148588,44.9329552,44.19349409
16,10,51,52.8925936,1.5,1,1,52.83569448,55.11210633,55.11210633,52.85924151,52.00872727,51.8804283,51.42920506,52.4048397,52.08330315
17,1,64,65.8385119,1.8,0.25,0.2,65.83851188,67.4945278,67.4945278,66.90710381,66.55397679,66.26025869,65.90637513,65.8385119,65.83851188
17,2,68,71.056397,1.8,0.25,0.2,71.05639701,72.49701866,72.49701866,71.26129141,71.1627833,71.05523598,70.98342794,70.9762523,70.97625235
17,3,60,61.4107031,1.8,0.25,0.2,61.41070305,65.63116234,65.63116234,62.21889562,61.93178022,61.62354836,61.45999624,61.4107031,61.41070305
17,4,49,51.9981368,1.8,0.25,0.2,51.99813679,54.05500346,54.05500346,52.52769794,52.13793964,51.99566113,51.93980961,51.9230615,51.99299124
17,5,47,49.6211136,1.8,0.25,0.2,49.62111355,52.45244851,52.45244851,50.12536856,49.67777211,49.69206185,49.6221112,49.6211135,49.62111355
17,6,63,65.8427381,1.8,0.25,0.2,65.84273813,68.61724728,68.61724728,66.23652502,65.95544618,65.90817314,65.88414616,65.8422564,65.84225636
17,7,57,59.508243,1.8,0.25,0.2,59.50824298,62.752113,62.752113,60.75515885,60.00677814,59.70627215,59.5172461,59.4956391,59.49563912
17,8,61,63.1693309,1.8,0.25,0.2,63.1693309,64.41759649,64.41759649,63.77204697,63.11099644,63.08975625,62.91278776,62.8664065,62.86433138
17,9,48,50.3834092,1.8,0.25,0.2,50.38340918,52.5760073,52.5760073,50.65870501,50.40824923,50.39370327,50.38348796,50.3813561,50.38135607
17,10,66,69.4291309,1.8,0.25,0.2,69.42913093,72.45097974,72.45097974,69.87190864,69.8298659,69.79307498,69.58210572,69.4291235,69.42912347
18,1,53,54.6677646,1.8,0.25,0.5,54.66776459,57.431609,57.431609,55.63224996,55.21020401,54.82612729,54.70315695,54.6084557,54.6084557
18,2,55,58.5722684,1.8,0.25,0.5,58.57226843,60.73997298,60.73997298,58.91191397,58.75848389,58.60586377,58.5563407,58.5516313,58.55163127
18,3,56,57.3945157,1.8,0.25,0.5,57.39451569,61.45575289,61.45575289,59.27614848,58.8283293,57.96382821,57.74679748,57.3945157,57.39451569
18,4,70,71.7332762,1.8,0.25,0.5,71.73327623,77.07881697,77.07881697,71.97770935,71.894722,71.88585884,71.70578121,71.6767307,71.67673066
18,5,52,53.3968154,1.8,0.25,0.5,53.39681536,57.22445459,57.22445459,54.7253485,53.96630491,53.6111741,53.41145621,53.3843651,53.38436514
18,6,62,64.8420761,1.8,0.25,0.5,64.8420761,68.40616437,68.40616437,65.75659761,65.38111276,65.03895714,65.80761996,64.838755,64.83875498
18,7,48,49.594778,1.8,0.25,0.5,49.59477795,52.01783312,52.01783312,50.12719588,50.04645547,49.40065615,49.33951099,49.3187878,49.31878779
18,8,52,53.0424492,1.8,0.25,0.5,53.04937799,54.61010217,54.61010217,53.82784487,53.28469169,53.19350571,53.16108502,53.0336286,53.03362858
18,9,47,48.8730003,1.8,0.25,0.5,48.87300031,51.95949719,51.95949719,49.75620365,49.20959586,49.10339688,48.89953867,48.8856557,48.87300031
18,10,49,49.9358868,1.8,0.25,0.5,49.93588684,53.36831947,53.36831947,50.49058623,50.0548074,49.99682194,49.74527107,49.7415147,49.7415147
19,1,40,42.3564115,1.8,0.25,0.7,42.35641149,45.14519908,45.14519908,42.59442561,42.21603529,42.13606492,42.06697346,42.5686716,42.35641149
19,2,58,58.904587,1.8,0.25,0.7,58.90458704,61.46516122,61.46516122,59.92814662,59.73469746,59.50376077,59.0413289,58.904587,58.90458704
19,3,83,83.6455278,1.8,0.25,0.7,83.64552781,88.26360382,88.26360382,84.91736306,84.11542792,84.02836486,83.4153761,83.264736,83.26473599
19,4,39,42.858108,1.8,0.25,0.7,42.85810804,44.48624872,44.48624872,43.05725432,42.94000676,42.90345497,42.85988408,42.858108,42.85810804
19,5,48,50.7288361,1.8,0.25,0.7,50.42291091,53.30175087,53.30175087,51.14731979,50.91899437,50.50778218,50.43053527,50.4229109,50.42291091
19,6,49,49.6963417,1.8,0.25,0.7,49.69634171,52.49424431,52.49424431,50.92452165,50.35184448,49.77705656,49.70513133,49.6961383,49.69613828
19,7,57,61.2958589,1.8,0.25,0.7,61.29585892,62.8189017,62.8189017,60.79570263,60.48175144,60.36323799,60.30683524,60.2981135,60.2981135
19,8,55,56.8091645,1.8,0.25,0.7,56.80916448,59.48296473,59.48296473,58.19202147,57.77136868,57.36490903,56.76279294,56.6322238,56.63222385
19,9,38,41.7068417,1.8,0.25,0.7,41.70684165,43.84368267,43.84368267,42.15741552,41.8304584,41.73406071,41.71900429,41.7068416,41.70684165
19,10,47,47.7979151,1.8,0.25,0.7,48.83667928,52.5610265,52.5610265,49.0012881,48.50876384,48.1263698,48.22579759,47.7688341,47.76883408
20,1,57,58.3871033,1.8,0.25,1,58.38710325,63.07268812,63.07268812,59.55643424,59.01647088,58.59472195,58.59183484,58.4710027,58.47100271
20,2,70,71.060233,1.8,0.25,1,71.06023304,73.61555651,73.61555651,71.74777181,71.56603857,71.17433532,71.10409375,70.8987887,70.89504734
20,3,49,50.9430846,1.8,0.25,1,50.95446531,53.93996135,53.93996135,52.03585761,51.50228906,50.96211109,51.02560914,50.7268632,50.72686316
20,4,43,46.5819932,1.8,0.25,1,46.58199321,49.06743331,49.06743331,47.17747948,46.74914479,46.63020948,46.58655462,46.5819932,46.58199321
20,5,61,63.077155,1.8,0.25,1,63.07715502,65.39334005,65.39334005,63.99295729,63.20805055,63.20767306,63.17379106,63.077155,63.07715502
20,6,51,53.8793666,1.8,0.25,1,53.87936656,58.05444819,58.05444819,54.64102568,54.07209337,53.8879006,53.79946492,53.7241666,53.72416661
20,7,42,43.8658655,1.8,0.25,1,43.86586548,46.45477047,46.45477047,43.95034098,43.38621203,43.2831632,42.94059736,42.8597283,42.85935827
20,8,51,52.0105799,1.8,0.25,1,52.01057993,54.59515036,54.59515036,53.38526568,52.45974579,51.91098944,51.54089324,51.9401122,51.5137084
20,9,41,42.6901157,1.8,0.25,1,42.69011568,46.51812982,46.51812982,43.58261007,43.06810955,42.83065403,42.69584037,42.6539044,42.65390435
20,10,37,37.7792528,1.8,0.25,1,37.7549653,41.27517047,41.27517047,38.49667237,38.25865106,37.94405145,37.76005657,37.7564133,37.75641334
21,1,84,85.8747594,1.8,0.5,0.2,85.87331391,86.96192284,86.96192284,86.06813179,85.96926692,85.85998005,85.82547894,85.8254789,85.82547894
21,2,59,63.0291306,1.8,0.5,0.2,63.03536856,64.77026332,64.77026332,63.2821785,63.1250154,63.09503819,63.03826902,62.7429466,62.74294661
21,3,76,77.9177248,1.8,0.5,0.2,77.91772479,79.11163332,79.11163332,77.80747587,77.80548084,77.80538008,77.77342212,77.7733653,77.77525774
21,4,70,73.2190966,1.8,0.5,0.2,73.21909657,74.92300929,74.92300929,73.57300767,73.57300767,73.22107728,73.22107728,72.9283954,72.92839543
21,5,55,59.0032744,1.8,0.5,0.2,59.06573054,60.13770879,60.13770879,58.48689264,58.39023364,58.35880974,58.34960771,58.3496077,58.34960771
21,6,76,78.3479353,1.8,0.5,0.2,78.34900039,80.79284402,80.79284402,79.02191722,78.54996072,78.46403673,78.38046771,78.3479353,78.34793525
21,7,65,69.4051143,1.8,0.5,0.2,69.40511428,70.25533669,70.25533669,69.43981965,69.41728644,69.40511428,69.40275249,69.4027525,69.40511428
21,8,62,66.7980641,1.8,0.5,0.2,66.83047666,67.20117981,67.20117981,66.85959604,66.80789762,66.79806409,66.79357408,66.7935741,66.79357408
21,9,69,71.3411562,1.8,0.5,0.2,71.34115617,73.28475878,73.28475878,71.76821361,71.34708554,71.34676673,71.34115617,71.3411562,71.34115617
21,10,69,74.5606445,1.8,0.5,0.2,74.57462038,75.69119691,75.69119691,74.62679148,74.61928401,74.58327276,74.57985922,74.5606445,74.56064453
22,1,42,45.7190237,1.8,0.5,0.5,45.71884246,46.81544996,46.81544996,45.61285991,45.48705718,45.46280499,45.68292001,45.4510236,45.4510236
22,2,45,48.4737957,1.8,0.5,0.5,48.47698987,50.5766644,50.5766644,48.61343103,48.5168189,48.48322077,48.37914543,48.4681986,48.38082975
22,3,63,67.3586698,1.8,0.5,0.5,67.35866976,68.23459949,68.23459949,66.58980991,66.49330139,66.46363652,66.11643252,66.0714985,66.07490382
22,4,42,46.0635296,1.8,0.5,0.5,46.06352957,47.89226787,47.89226787,46.36155701,46.1501351,46.153419,46.19321853,46.0679369,46.06793687
22,5,52,55.0121387,1.8,0.5,0.5,54.6768722,56.86040453,56.86040453,54.46341682,54.41744145,54.34338375,54.04701791,54.2581619,54.03299804
22,6,52,56.6027404,1.8,0.5,0.5,56.81562365,58.83193815,58.83193815,56.97156002,56.62912979,56.28610662,56.34182911,56.0886717,56.0879312
22,7,60,63.8915863,1.8,0.5,0.5,63.88481323,65.7576873,65.7576873,64.35163314,64.11278197,63.90573709,63.77434509,63.8848132,63.77291106
22,8,55,59.5915133,1.8,0.5,0.5,59.57752715,60.49230795,60.49230795,59.70590128,59.61858447,59.59655093,59.58978859,59.5022697,59.50211597
22,9,76,77.5800686,1.8,0.5,0.5,77.44596731,79.46283571,79.46283571,78.49072427,77.71248187,77.14173355,77.17265046,77.1172006,77.07318142
22,10,55,60.0483087,1.8,0.5,0.5,60.08368504,61.22984919,61.22984919,60.099284,59.73705021,59.66710067,59.71016336,59.7797597,59.4565085
23,1,63,63.8771788,1.8,0.5,0.7,63.9656325,66.76321203,66.76321203,64.42795346,64.42627406,64.42627406,63.80890807,63.7613102,63.76131021
23,2,53,53.6017006,1.8,0.5,0.7,53.72354565,55.94777439,55.94777439,54.90234872,54.18306326,54.04832539,53.59309598,53.588026,53.58802598
23,3,46,48.7265537,1.8,0.5,0.7,48.68390496,50.37460717,50.37460717,49.07716991,48.91924865,48.81404147,48.97902302,48.683905,48.65660429
23,4,65,68.3560851,1.8,0.5,0.7,68.35608512,69.25420342,69.25420342,68.42718563,68.33483793,68.28677143,68.47575293,68.2546456,68.26128681
23,5,52,53.5262377,1.8,0.5,0.7,53.52623773,55.40522692,55.40522692,54.64436404,53.91012167,53.54343313,53.54377482,53.4202672,53.42026719
23,6,48,50.4058014,1.8,0.5,0.7,50.24496054,51.69000566,51.69000566,50.29030452,50.1893298,50.03703175,50.38973888,49.9427518,49.73739304
23,7,60,63.0052481,1.8,0.5,0.7,63.0052481,63.9283641,63.9283641,63.06997328,63.06303506,62.90916594,62.85084018,62.8300774,62.83007745
23,8,48,51.4164779,1.8,0.5,0.7,51.20075889,54.52404439,54.52404439,51.59030915,51.27990479,52.21144778,52.8904632,50.9503357,50.95033568
23,9,63,66.3244656,1.8,0.5,0.7,66.32446556,68.31078287,68.31078287,66.48093205,65.99843648,66.7572305,66.10258785,66.0846869,66.07042759
23,10,61,63.3333587,1.8,0.5,0.7,63.33335873,65.54951942,65.54951942,63.62399174,63.4491359,63.34340708,63.34135775,63.2935062,63.29350625
24,1,53,54.6934096,1.8,0.5,1,54.69340959,57.95215821,57.95215821,54.96466072,54.75014152,54.74198842,54.71194112,54.6724046,54.67240461
24,2,58,60.772368,1.8,0.5,1,59.63424846,62.01264583,62.01264583,60.0251626,59.88266746,59.87694705,59.6023279,59.6250759,59.62507595
24,3,69,72.7794836,1.8,0.5,1,72.77948361,75.92705302,75.92705302,72.41358901,71.3677227,71.06843034,70.29068849,69.9078116,69.90781157
24,4,53,53.7519775,1.8,0.5,1,53.75197749,57.10819747,57.10819747,54.99785063,54.11508196,54.01102319,53.77848335,53.7389152,53.74076229
24,5,51,53.3293897,1.8,0.5,1,53.32430098,56.42992394,56.42992394,53.30979018,52.78714035,52.76956406,52.87083081,52.32696,52.71731405
24,6,56,58.7109193,1.8,0.5,1,58.75294089,60.0012425,60.0012425,58.0506696,57.23106674,57.12750813,57.07424243,56.801784,56.80276725
24,7,44,46.7245218,1.8,0.5,1,46.74588598,48.48877982,48.48877982,46.76978063,46.66234275,46.54965475,46.23607054,46.2903717,46.28812266
24,8,38,40.8613377,1.8,0.5,1,40.41038449,43.1468301,43.1468301,41.0226053,40.97356497,40.7861399,41.05504665,40.7719169,40.56471164
24,9,43,46.0669752,1.8,0.5,1,46.10890073,48.69508981,48.69508981,46.26929943,46.16205412,46.11434242,46.06758436,45.9896347,45.99060122
24,10,53,55.0033034,1.8,0.5,1,55.00364483,58.65860916,58.65860916,55.34901521,54.68707356,54.76339083,53.67296617,54.2809834,54.25951713
25,1,93,96.8352461,1.8,0.75,0.2,96.83400123,97.1686573,97.1686573,96.87684878,96.81239865,96.81061909,96.8091052,96.8091052,96.80902048
25,2,75,79.3224732,1.8,0.75,0.2,79.32247323,79.9495126,79.9495126,78.78876911,78.78594921,78.78594921,78.78467641,78.7824172,78.78241716
25,3,76,81.261975,1.8,0.75,0.2,81.26864486,82.21671276,82.21671276,81.16604169,81.16577425,81.13738114,81.14106277,81.1332728,81.1332728
25,4,81,84.8772118,1.8,0.75,0.2,84.8772118,86.14954393,86.14954393,84.6464365,84.6243289,84.6243289,84.87497853,84.6202604,84.62026038
25,5,72,76.0218063,1.8,0.75,0.2,76.00266135,76.31927344,76.31927344,76.02428578,76.02428578,76.0339024,76.00266135,76.0026613,76.00266135
25,6,58,64.107951,1.8,0.75,0.2,63.96999265,65.2376027,65.2376027,63.64934175,64.09884034,63.92399278,63.90089794,63.404253,63.40425299
25,7,95,99.1064106,1.8,0.75,0.2,99.10641055,99.9245326,99.9245326,99.15241682,99.13875116,99.12822903,99.07008818,99.0700882,99.07008818
25,8,69,73.8040747,1.8,0.75,0.2,73.80407473,74.36985918,74.36985918,73.84901702,73.80833248,73.80568597,73.80407473,73.8040747,73.80407473
25,9,84,88.8209423,1.8,0.75,0.2,89.02633329,90.52597787,90.52597787,88.71291209,88.71291209,88.71291209,88.73274598,88.2206001,88.22552042
25,10,58,61.4936287,1.8,0.75,0.2,61.60831005,62.18320858,62.18320858,61.72557558,61.71684364,61.71614471,61.60831005,61.6083101,61.49362869
26,1,59,62.4044508,1.8,0.75,0.5,62.4044508,64.20612103,64.20612103,62.53114359,62.46772757,62.60763129,62.57907353,62.4044508,62.4044508
26,2,40,42.7709323,1.8,0.75,0.5,42.18862582,44.98136098,44.98136098,42.55489183,42.09408559,42.09938144,42.24774867,41.7507887,41.74973696
26,3,58,61.424573,1.8,0.75,0.5,61.43268903,63.8206009,63.8206009,61.30003849,60.26856135,60.20229678,60.81112656,60.8649786,60.80754314
26,4,62,66.9694319,1.8,0.75,0.5,66.64415196,68.28829379,68.28829379,66.49164049,66.22140403,66.45339184,66.34568091,66.1330895,66.13308955
26,5,74,78.6332825,1.8,0.75,0.5,78.63328246,80.57980357,80.57980357,78.52490198,78.94963991,78.881509,78.95829522,78.3356439,78.33564389
26,6,53,56.8700689,1.8,0.75,0.5,56.86033233,58.18556996,58.18556996,56.88078601,56.73408486,57.10924939,57.17489229,56.7017089,56.70324856
26,7,56,59.8781032,1.8,0.75,0.5,59.8781032,61.36641899,61.36641899,59.83748431,59.66320565,59.64590502,59.62739866,59.7004904,59.62548311
26,8,66,68.8908394,1.8,0.75,0.5,68.89083939,71.09833086,71.09833086,68.92557207,69.33550697,68.88703387,69.25586837,68.2412275,68.24122749
26,9,43,47.4034035,1.8,0.75,0.5,47.47296479,48.3774936,48.3774936,46.97727429,47.04939115,46.99932708,47.26013575,46.9035839,46.86396317
26,10,49,53.7866054,1.8,0.75,0.5,53.93883627,54.74107478,54.74107478,53.77634926,53.74092588,53.69316077,53.66862055,53.6686206,53.66862055
27,1,43,47.0342832,1.8,0.75,0.7,47.0375439,48.33155275,48.33155275,47.08237151,47.06571244,47.1024715,47.35658407,47.0222071,47.0152248
27,2,58,60.076152,1.8,0.75,0.7,60.76921752,63.74240115,63.74240115,60.63622654,60.40119047,59.27388637,59.9282176,59.0350847,59.0350847
27,3,60,62.8648179,1.8,0.75,0.7,62.22930193,64.68710735,64.68710735,62.69320143,62.4080331,62.55194818,62.25256033,61.9955612,61.99581477
27,4,64,65.9437663,1.8,0.75,0.7,65.18048553,68.92641684,68.92641684,66.44619086,65.73632866,65.15237937,65.82758283,65.8519329,65.85193294
27,5,49,54.2493698,1.8,0.75,0.7,54.24936984,55.21319698,55.21319698,53.64821318,53.37531724,53.37355659,53.49485218,53.2962481,53.29697896
27,6,59,63.3916901,1.8,0.75,0.7,63.31957757,66.02021421,66.02021421,63.34265343,63.13916666,63.74640195,63.09322118,63.0691651,63.06916515
27,7,49,53.3886382,1.8,0.75,0.7,52.86879973,54.46567027,54.46567027,52.99234223,52.64757079,52.61623013,52.51905401,52.5198354,52.51829163
27,8,66,68.4445777,1.8,0.75,0.7,68.44508483,70.59798651,70.59798651,68.53404056,67.76896544,67.82867794,67.53877975,67.4528593,67.44518155
27,9,55,58.2041311,1.8,0.75,0.7,58.20557013,61.23095382,61.23095382,58.25981373,57.87130809,57.08910884,57.28499089,57.3931632,57.84426789
27,10,62,64.5912951,1.8,0.75,0.7,64.52352294,65.62780012,65.62780012,63.90847512,63.87284425,63.68814838,64.10090845,63.1758711,62.84021412
28,1,69,69.6186684,1.8,0.75,1,70.85332743,74.26116834,74.26116834,69.8858624,69.87677735,69.75843786,69.29150369,69.1720686,69.15489703
28,2,57,57.5010547,1.8,0.75,1,57.58612289,60.10664577,60.10664577,58.91165188,58.22211776,58.33471859,57.98548954,57.6002165,57.55312983
28,3,40,43.7837365,1.8,0.75,1,43.33334479,45.3404381,45.3404381,43.51094433,43.18342668,43.31324911,43.31108423,43.137589,43.22952603
28,4,49,49.7430979,1.8,0.75,1,49.74309793,54.63887593,54.63887593,50.83019662,50.72602893,51.01071669,49.90129912,50.5348789,50.58307019
28,5,73,76.1612255,1.8,0.75,1,76.14923265,78.32717685,78.32717685,75.82930042,74.78723497,74.37039569,73.97745661,73.6485664,73.64856645
28,6,55,57.4636324,1.8,0.75,1,57.55708382,59.2308894,59.2308894,58.02896609,57.73296995,57.35505891,57.42191028,57.5219125,57.44663257
28,7,48,49.7992773,1.8,0.75,1,49.60435072,52.74386731,52.74386731,50.13179911,50.14891448,50.13663059,49.86925794,49.5526605,49.64633238
28,8,53,54.8447768,1.8,0.75,1,54.84315756,56.42684258,56.42684258,55.5111018,55.16802196,54.82583221,54.7212168,54.7073786,54.7073786
28,9,62,65.9809896,1.8,0.75,1,65.61378234,67.71722436,67.71722436,65.39366293,64.83715872,64.96132059,64.55266096,65.0814386,65.08150821
28,10,59,59.2446122,1.8,0.75,1,59.2398802,63.30114789,63.30114789,60.7305937,60.52202826,60.31329996,60.11865508,60.0582377,59.2912961
29,1,85,91.6263105,1.8,1,0.2,91.64018113,92.54309677,92.54309677,91.60725431,91.57451971,91.62690841,91.62631053,91.626659,91.57451937
29,2,90,94.6199341,1.8,1,0.2,94.59763173,95.90281358,95.90281358,94.67904833,94.61860259,94.59576911,94.59576911,94.602716,94.60271602
29,3,78,83.2477689,1.8,1,0.2,83.51710508,84.56401732,84.56401732,82.96994456,82.96994456,82.96994456,82.95082597,82.950826,82.95082597
29,4,103,108.2460728,1.8,1,0.2,108.1904449,108.376406,108.376406,108.2460728,108.1855704,108.2394791,108.2394791,108.168027,108.1680265
29,5,98,102.6077452,1.8,1,0.2,102.6077452,103.3533486,103.3533486,102.8117792,102.662336,102.6100021,102.915274,102.607745,102.6077452
29,6,92,97.7314991,1.8,1,0.2,97.8019199,98.81480737,98.81480737,97.91821884,97.69845179,97.79078675,97.78301541,97.7826599,97.68953973
29,7,73,77.1411855,1.8,1,0.2,77.05301459,77.75826004,77.75826004,77.31848438,77.08288268,77.05366097,77.05366097,77.0530146,77.05301459
29,8,80,86.0970246,1.8,1,0.2,85.77656317,86.98096721,86.98096721,85.96081209,85.79032065,85.79425958,86.20820243,86.0808608,85.77651774
29,9,97,103.6111365,1.8,1,0.2,103.6101564,105.0393746,105.0393746,103.538179,103.0903769,103.360544,103.4960626,103.355527,103.3555272
29,10,76,79.5722978,1.8,1,0.2,79.62274051,80.30774275,80.30774275,79.56772001,79.61596542,79.7601035,79.56552269,79.6189947,79.61899472
30,1,47,51.4028025,1.8,1,0.5,51.6132176,53.25779238,53.25779238,51.48277818,51.82406694,51.91135848,51.98067747,51.3468992,51.34689924
30,2,68,73.8907774,1.8,1,0.5,73.73533575,76.07844785,76.07844785,73.75374213,73.67103636,73.59664721,73.783408,73.732962,73.680437
30,3,55,59.420261,1.8,1,0.5,59.42329518,60.31168239,60.31168239,59.61104415,59.45039669,59.4397379,59.42239993,59.4152579,59.41525787
30,4,53,58.2427447,1.8,1,0.5,58.37980286,60.49226882,60.49226882,58.73187453,58.67955841,58.68492028,58.10490053,58.1675323,58.20518578
30,5,54,59.2695235,1.8,1,0.5,59.34292281,60.38641671,60.38641671,59.33877681,59.17507961,59.23164713,59.28659433,59.282393,59.28239303
30,6,62,66.6829737,1.8,1,0.5,66.62980573,67.51092431,67.51092431,66.49137048,66.39191913,66.3205212,66.7438473,66.4211756,66.42117556
30,7,68,74.2070043,1.8,1,0.5,74.20700427,75.7626505,75.7626505,74.36075625,74.25106876,74.25106826,74.2383328,73.9071287,73.90793522
30,8,46,50.6253048,1.8,1,0.5,50.72606195,52.67060243,52.67060243,50.97173903,50.82816186,50.86796575,50.67728589,50.6655295,50.75711711
30,9,46,51.6363049,1.8,1,0.5,51.65888247,53.22647395,53.22647395,51.58142168,51.50080256,51.49963707,51.48979266,51.4897927,51.48979266
30,10,53,57.2460544,1.8,1,0.5,57.54521175,58.35610442,58.35610442,57.26974278,57.07513916,57.10590705,57.25661499,57.1480213,57.09099698
31,1,43,44.2227838,1.8,1,0.7,44.22278375,47.10088796,47.10088796,45.14510643,45.07165785,44.03202204,44.25241171,43.8710767,44.41969975
31,2,63,64.4381746,1.8,1,0.7,64.44234001,67.06414006,67.06414006,65.23785316,65.15069555,64.74654952,64.46125583,63.1085895,63.11800855
31,3,58,62.17812,1.8,1,0.7,62.05226165,64.6702906,64.6702906,62.47371504,61.91715048,62.40163138,62.1291832,61.7083036,61.67840649
31,4,50,51.1717276,1.8,1,0.7,51.17172759,53.18543124,53.18543124,52.37075956,51.7741213,51.02158096,51.22832874,51.6856276,51.3471461
31,5,52,56.3777771,1.8,1,0.7,56.37777714,57.30603698,57.30603698,56.46132146,56.41971894,56.59716214,56.26726848,56.3256102,56.30725972
31,6,53,56.9854741,1.8,1,0.7,56.82555672,58.44010864,58.44010864,56.4722183,55.69730121,56.24961325,56.23143492,55.8771634,55.8771634
31,7,61,66.2757323,1.8,1,0.7,65.90125439,67.7447328,67.7447328,65.42385394,65.16718247,65.47108668,64.78640937,64.7097442,64.6973057
31,8,58,62.1845915,1.8,1,0.7,62.20021546,63.98760173,63.98760173,62.20596636,62.11662195,62.6592067,62.63819148,61.6770104,61.69539081
31,9,50,54.3701511,1.8,1,0.7,54.34771819,55.83599408,55.83599408,54.65080119,54.43806137,54.31680106,54.33632233,54.3420962,54.34209623
31,10,55,60.1633812,1.8,1,0.7,60.11130108,61.65139154,61.65139154,60.0471926,59.92543226,60.03789554,60.05159306,59.84787,59.84787004
32,1,61,61.6978999,1.8,1,1,63.05800443,65.1690812,65.1690812,63.6779677,62.57688825,62.17468748,61.85530178,61.8092821,62.09472454
32,2,60,62.089174,1.8,1,1,62.29901243,66.23207086,66.23207086,62.64812364,62.37019761,61.95300422,61.70279148,61.9030889,61.61838565
32,3,57,60.7265367,1.8,1,1,60.21384647,62.03856147,62.03856147,60.29464296,60.00598736,60.07828556,60.03098541,59.4038947,59.40741451
32,4,68,72.3739917,1.8,1,1,72.79146653,75.91132209,75.91132209,71.12306162,71.41105213,71.86695108,71.55013187,71.3242842,70.85372639
32,5,54,57.0433505,1.8,1,1,57.48360139,59.13642169,59.13642169,58.260622,57.49242327,57.05975136,56.98597348,56.9825546,56.98411813
32,6,44,45.8266228,1.8,1,1,45.80601622,48.26511147,48.26511147,45.59540378,45.77285069,46.12516463,45.80764574,45.4712835,45.47128352
32,7,35,37.8051816,1.8,1,1,37.93795323,39.65958374,39.65958374,37.97411148,37.81194487,37.81720496,37.93928181,37.7742771,37.77427708
32,8,54,56.7558657,1.8,1,1,55.7678342,58.94363086,58.94363086,56.90959495,55.89084044,55.93161188,56.70273299,55.0699351,55.06993512
32,9,65,66.8482964,1.8,1,1,66.94214593,68.94241061,68.94241061,67.40531746,66.99420678,66.65926895,66.66612222,66.321401,66.32653378
32,10,51,53.6069203,1.8,1,1,52.59656972,56.86221645,56.86221645,53.6113574,53.74661634,52.92877139,53.10700209,52.4948381,52.85980791
33,1,65,69.2419272,2.1,0.25,0.2,69.24192723,71.03388174,71.03388174,69.87366431,69.3891242,69.37030104,69.25340774,69.2419272,69.24192723
33,2,60,62.3886728,2.1,0.25,0.2,62.38867275,64.59515788,64.59515788,62.68358745,62.40786337,62.24234417,62.16161872,62.1363507,62.1363507
33,3,55,58.6200758,2.1,0.25,0.2,58.62007579,59.65458507,59.65458507,59.10280997,59.04506675,58.90160731,58.66948367,58.6200758,58.62007579
33,4,77,79.9063566,2.1,0.25,0.2,79.9063566,82.72505573,82.72505573,80.4098367,80.25043795,80.1721126,79.98544292,79.9063566,79.9063566
33,5,53,55.547204,2.1,0.25,0.2,55.54720403,58.46463174,58.46463174,55.96501974,55.77367548,55.70175831,55.62390811,55.6545529,55.65455292
33,6,59,61.3669294,2.1,0.25,0.2,61.36692941,63.87720698,63.87720698,61.32237387,60.94717895,60.91081019,61.13943733,60.878675,60.87867499
33,7,58,60.1337458,2.1,0.25,0.2,60.13374577,63.85003589,63.85003589,61.75069016,60.65350978,60.33227455,60.23730954,60.1300593,60.13005934
33,8,61,61.823292,2.1,0.25,0.2,61.82329199,64.40223982,64.40223982,62.44085594,62.3941018,62.16211632,61.8288953,61.823292,61.82329199
33,9,65,67.9889494,2.1,0.25,0.2,67.98894941,69.85468596,69.85468596,68.70936273,68.30688767,68.07453588,67.9895115,67.9889494,67.98894941
33,10,53,55.1800904,2.1,0.25,0.2,55.18009044,58.0652168,58.0652168,55.93009131,55.54503018,55.23622953,55.18604561,55.1800904,55.18009044
34,1,68,72.0296223,2.1,0.25,0.5,72.02962228,74.51773955,74.51773955,71.65515152,71.54599932,71.46896978,71.38588749,71.3601031,71.36010312
34,2,44,46.1492322,2.1,0.25,0.5,46.14923219,48.56507097,48.56507097,46.98488751,46.52154648,46.17694672,46.15188064,46.1492322,46.14923219
34,3,69,70.614409,2.1,0.25,0.5,70.61440897,73.87858833,73.87858833,72.23202914,71.02077138,70.89265564,70.66902973,70.614409,70.61440897
34,4,67,67.6584732,2.1,0.25,0.5,67.65847318,70.54003099,70.54003099,68.8384646,68.49429157,68.16919101,67.84459499,67.5974684,67.59746844
34,5,63,64.1057934,2.1,0.25,0.5,64.10579339,67.96122737,67.96122737,65.69818638,64.90679034,64.30896618,64.28799157,64.1057934,64.10579339
34,6,52,54.5235136,2.1,0.25,0.5,54.52351361,57.22281774,57.22281774,54.74876113,54.74776733,54.62545492,54.53371788,54.5235136,54.52351361
34,7,58,59.8030174,2.1,0.25,0.5,59.80301739,63.20139312,63.20139312,60.61590036,60.37408981,59.90981102,59.7103277,59.6986121,59.6986121
34,8,58,59.9737697,2.1,0.25,0.5,59.97376965,61.0064422,61.0064422,60.31711386,59.96073867,59.82134412,59.7754583,59.0944044,59.09402808
34,9,60,61.7672386,2.1,0.25,0.5,61.76723862,66.4990389,66.4990389,62.37997758,62.20665766,62.01463984,61.77060801,61.7195721,61.71957207
34,10,47,50.1551809,2.1,0.25,0.5,50.15518087,53.14955471,53.14955471,50.62756303,50.36124031,50.28002225,50.16935038,50.1551809,50.15518087
35,1,57,59.2688483,2.1,0.25,0.7,59.26884831,61.91090853,61.91090853,59.70260423,59.60043628,59.35395471,59.21717449,59.1797448,59.17986598
35,2,53,54.2730451,2.1,0.25,0.7,54.27304506,56.84100645,56.84100645,55.15942052,54.41543597,54.37920687,54.3242666,54.2730451,54.27304506
35,3,60,61.7698445,2.1,0.25,0.7,61.76984449,63.53117166,63.53117166,62.05216029,61.61897626,61.6189459,61.56562892,61.508503,61.50850302
35,4,50,52.300239,2.1,0.25,0.7,52.30023903,55.29746251,55.29746251,52.72424677,52.52578077,52.36691744,52.3283498,52.300239,52.30023903
35,5,60,61.3650585,2.1,0.25,0.7,61.36505845,64.07617715,64.07617715,62.76033763,62.22292261,61.61762346,61.28510339,61.2364154,61.23641537
35,6,58,58.6587859,2.1,0.25,0.7,58.65878594,62.93423074,62.93423074,59.72102277,59.33128936,58.93791187,58.72292235,58.6521371,58.65213709
35,7,61,63.6619823,2.1,0.25,0.7,63.66198229,65.71956166,65.71956166,63.92802794,63.85766279,63.83400377,63.67557346,63.6619823,63.66198229
35,8,63,65.0637653,2.1,0.25,0.7,65.06376534,67.35475291,67.35475291,65.55500557,65.34104973,65.34616823,65.17596135,65.0636827,65.06368272
35,9,59,61.8336401,2.1,0.25,0.7,61.83364013,64.29140858,64.29140858,62.21858901,61.95812392,61.94498875,61.85942517,61.8235653,61.82356535
35,10,59,60.1309827,2.1,0.25,0.7,60.13098268,63.49039819,63.49039819,60.74344984,60.2774069,59.92822697,60.13110139,59.8895268,59.88952675
36,1,66,66.5983751,2.1,0.25,1,66.59837506,70.15010733,70.15010733,67.4514931,67.17836201,67.02275694,66.84695417,66.5562646,66.55650778
36,2,44,45.6983046,2.1,0.25,1,45.69830464,47.72108305,47.72108305,46.20169892,46.03158524,45.90680183,45.77092017,45.6849777,45.68497774
36,3,61,61.0862303,2.1,0.25,1,61.08623025,64.24574955,64.24574955,62.70026217,62.07644706,61.88405408,61.20594144,61.0862303,61.08623025
36,4,59,60.4413893,2.1,0.25,1,60.44138925,63.15565483,63.15565483,61.75951461,60.98808261,60.87329582,60.53542926,60.4373913,60.43739131
36,5,64,64.8784975,2.1,0.25,1,64.87849752,68.67817297,68.67817297,66.22533174,65.75274871,65.30452591,64.93996401,64.8731034,64.87310343
36,6,46,48.1600208,2.1,0.25,1,48.16002082,50.44323936,50.44323936,48.4596475,48.31181248,48.13110857,48.04349589,48.0241578,48.02415779
36,7,56,58.7875404,2.1,0.25,1,58.78754039,59.72532509,59.72532509,59.06228184,58.98151523,58.86191353,58.78385201,58.7743445,58.7247015
36,8,63,64.5591527,2.1,0.25,1,64.55915266,66.90459924,66.90459924,64.69551731,64.66330023,64.52517322,64.38320089,64.3509974,64.35099742
36,9,59,61.2369958,2.1,0.25,1,61.23699576,64.51714953,64.51714953,61.92156356,61.46293733,61.46071393,61.28933617,61.2369958,61.23699576
36,10,59,59.4615455,2.1,0.25,1,59.46154546,62.95914406,62.95914406,60.49910262,59.74619629,59.6087641,59.93997472,59.8610868,59.45314893
37,1,79,82.4955073,2.1,0.5,0.2,82.49550732,83.6904655,83.6904655,82.06511006,81.95830552,82.5120949,82.49794443,82.0408737,82.0408737
37,2,69,71.5190474,2.1,0.5,0.2,71.53102024,72.80329338,72.80329338,71.74485327,71.58868795,71.52199723,71.59637005,71.6004106,71.6004106
37,3,81,84.6340496,2.1,0.5,0.2,84.74759748,86.0249345,86.0249345,84.95364585,84.77797935,84.77781397,84.74759748,84.7475975,84.74759748
37,4,83,86.8433899,2.1,0.5,0.2,86.75381782,88.44526932,88.44526932,87.16346687,87.05551404,86.34071826,86.46974298,86.2407297,86.24072973
37,5,80,85.5870849,2.1,0.5,0.2,85.63682046,86.8034803,86.8034803,85.84260823,85.62352153,85.5934539,85.58380815,85.5838081,85.58380815
37,6,73,76.4202294,2.1,0.5,0.2,76.41823089,78.90580269,78.90580269,76.18701539,76.18701539,76.10294935,76.04564191,76.4171758,76.41717582
37,7,92,94.5183947,2.1,0.5,0.2,94.5183947,95.41243277,95.41243277,94.55975863,94.53570767,94.52102228,94.5183947,94.5183947,94.5183947
37,8,72,77.2710945,2.1,0.5,0.2,77.27109447,78.55589357,78.55589357,76.29978164,76.22280038,76.22280038,76.90006436,76.4808405,76.48084053
37,9,57,59.845096,2.1,0.5,0.2,59.85344694,61.36823836,61.36823836,59.85674592,59.73160512,59.73291461,59.73291461,59.7329146,59.73291461
37,10,81,83.6119139,2.1,0.5,0.2,83.61191391,84.95149107,84.95149107,83.88513557,83.59165522,83.46569636,83.44498764,83.5479011,83.44432179
38,1,48,51.7610657,2.1,0.5,0.5,51.74484657,53.07399409,53.07399409,51.83485787,51.8301335,51.71420035,51.70285598,51.6538669,51.65386691
38,2,54,57.2772386,2.1,0.5,0.5,57.36369129,59.80342524,59.80342524,56.87614816,56.87999141,56.72868429,56.61436903,56.6652151,56.6654463
38,3,59,62.1461953,2.1,0.5,0.5,62.14619532,63.4903996,63.4903996,62.39416022,62.07587457,62.14980186,62.14619532,62.0480575,62.04805754
38,4,59,62.3399528,2.1,0.5,0.5,62.0042451,64.02733757,64.02733757,62.81617801,61.90362387,61.81659398,61.95685792,61.6382111,61.6382111
38,5,71,75.9644061,2.1,0.5,0.5,75.965561,78.85749589,78.85749589,76.10470859,75.83827146,75.83827146,75.82945801,75.6636695,75.56112158
38,6,63,66.7363329,2.1,0.5,0.5,67.01881973,67.42265435,67.42265435,66.61261129,66.61167371,66.81211307,66.80945767,66.500001,66.49004633
38,7,65,67.8650138,2.1,0.5,0.5,67.86501377,69.00480266,69.00480266,67.75136322,67.73745742,67.29722527,67.29266188,67.1276194,67.2905546
38,8,61,65.0888284,2.1,0.5,0.5,64.83796765,66.87792344,66.87792344,65.27995701,64.9751055,64.93226442,64.86266764,64.7557541,64.7392644
38,9,63,66.8544662,2.1,0.5,0.5,66.85446617,68.43830401,68.43830401,66.55092816,67.09062127,66.10171694,65.97861412,65.9690891,65.96908909
38,10,60,63.6816826,2.1,0.5,0.5,63.66692285,65.85962006,65.85962006,63.57949419,63.65578429,62.89770389,63.47152626,62.878258,62.878258
39,1,55,56.3626095,2.1,0.5,0.7,57.14509637,59.33403313,59.33403313,58.31761479,56.57134142,56.18983509,56.09197648,55.6749382,55.6750551
39,2,54,56.4535043,2.1,0.5,0.7,56.50495419,57.77600193,57.77600193,56.83407633,56.51066443,56.67857187,56.46274515,56.2297427,56.22974268
39,3,54,58.1811626,2.1,0.5,0.7,58.12504275,60.09461624,60.09461624,58.32409741,58.04657568,57.9742396,57.99621048,57.948565,57.94856496
39,4,53,55.8908722,2.1,0.5,0.7,55.89087218,58.95459355,58.95459355,56.49662914,55.74800099,55.07411371,54.97493619,54.9417466,54.94077748
39,5,55,59.0070448,2.1,0.5,0.7,59.00704484,61.59028485,61.59028485,58.76434562,58.72745074,58.78547496,58.86056317,58.7585652,58.64401496
39,6,69,73.0298261,2.1,0.5,0.7,73.03885246,75.68921336,75.68921336,73.23836617,73.15023613,73.04609475,73.19959187,73.0215167,73.03926886
39,7,56,56.6424063,2.1,0.5,0.7,56.06348019,59.8483176,59.8483176,57.19214642,56.88946486,56.65607416,56.14560716,56.1370837,56.13708373
39,8,67,68.3176877,2.1,0.5,0.7,68.29351713,73.08525411,73.08525411,69.45933198,68.5926011,68.58876847,68.36660017,68.2935171,68.29351713
39,9,64,67.9231135,2.1,0.5,0.7,67.92311346,68.93101929,68.93101929,68.12735729,67.94015888,67.93909176,67.92272258,67.9238798,67.92387977
39,10,60,62.4279982,2.1,0.5,0.7,62.87788404,64.27075531,64.27075531,61.97959745,61.78619159,61.69701701,61.58806821,61.5116009,61.51160088
40,1,51,54.4265039,2.1,0.5,1,54.34028109,56.77657865,56.77657865,54.12839463,53.9734838,52.66926178,53.61618057,53.6463159,53.74779931
40,2,56,57.2498578,2.1,0.5,1,57.74821017,59.89409204,59.89409204,58.51034684,58.11487989,57.65805665,57.34848092,57.1755727,57.20152009
40,3,57,58.477713,2.1,0.5,1,58.47441817,61.89933827,61.89933827,58.96337593,58.83178361,58.46629258,58.31265468,58.2612951,58.26129512
40,4,57,59.7709156,2.1,0.5,1,59.77091555,62.99053024,62.99053024,60.31045755,60.03524832,60.26209421,60.10219025,59.7709156,59.77091555
40,5,65,67.1618461,2.1,0.5,1,67.16184612,70.67010905,70.67010905,68.44368851,67.38445662,67.36752021,67.06437554,67.2446733,67.06195093
40,6,60,61.6750086,2.1,0.5,1,61.59699247,65.28642946,65.28642946,62.80768228,62.60916957,62.5441089,61.46532315,61.3496414,61.34964136
40,7,46,47.815049,2.1,0.5,1,47.8385429,51.57840605,51.57840605,48.71699734,48.03388643,47.95147099,47.81641592,47.7356024,47.76058667
40,8,57,60.2435364,2.1,0.5,1,60.00675176,61.7093239,61.7093239,59.94489055,59.64610751,59.59926399,59.46793679,59.48072,59.48023276
40,9,64,65.5158658,2.1,0.5,1,65.51236516,68.97371436,68.97371436,66.33236698,65.86750545,65.68524577,65.52203605,65.4083776,65.40837759
40,10,51,54.4047234,2.1,0.5,1,53.4661423,55.57116802,55.57116802,54.35459868,53.93673946,53.62407626,53.22658546,53.4510642,53.4510642
41,1,86,90.1309424,2.1,0.75,0.2,90.13094235,90.67219309,90.67219309,90.22582419,90.13116388,90.13094235,90.22121847,90.1309424,90.13094235
41,2,89,91.6096703,2.1,0.75,0.2,91.59888375,91.63330686,91.63330686,91.54823652,91.51400101,91.50591082,91.51381341,91.5059108,91.50591082
41,3,85,87.6617972,2.1,0.75,0.2,87.47970122,88.48559847,88.48559847,88.23557474,88.15909416,87.68276694,87.65830358,87.6945624,87.69456237
41,4,78,81.8782089,2.1,0.75,0.2,81.87683971,82.55821763,82.55821763,81.59128352,81.73386212,81.70078629,81.69942509,81.6977714,81.52485625
41,5,99,103.464546,2.1,0.75,0.2,103.4701393,104.4365274,104.4365274,103.8272017,103.6793213,103.3895683,103.4627,103.464546,103.6216836
41,6,103,104.5733172,2.1,0.75,0.2,104.5733172,105.3124539,105.3124539,104.396514,104.3141861,104.2847233,104.5753065,104.282601,104.2826013
41,7,92,95.4011383,2.1,0.75,0.2,95.40113825,97.28151664,97.28151664,95.46385673,95.46385673,95.414023,95.38409952,95.400461,95.38409952
41,8,88,91.9579294,2.1,0.75,0.2,91.83078799,93.80005595,93.80005595,91.98120863,91.78914327,91.88921682,91.95792944,92.1499808,91.74444331
41,9,92,95.5751288,2.1,0.75,0.2,95.57512883,96.4351648,96.4351648,95.46450494,95.46450494,95.57512883,95.57512883,95.3533027,95.35330269
41,10,99,101.9790728,2.1,0.75,0.2,102.0015915,103.2756744,103.2756744,102.0409288,101.9939862,101.970856,102.4539067,102.001591,101.9850563
42,1,58,62.0087615,2.1,0.75,0.5,62.07985022,63.41902875,63.41902875,62.22218339,61.91228356,61.92400667,61.92296757,62.0184761,61.94326412
42,2,50,55.130269,2.1,0.75,0.5,54.77207218,56.04125277,56.04125277,54.72496876,54.82019748,54.47335644,54.58333764,54.4856206,54.45209936
42,3,60,64.0419288,2.1,0.75,0.5,64.08014914,65.11501129,65.11501129,64.33569172,64.06007371,64.02114243,64.12742759,63.9994391,63.99943914
42,4,49,52.3478744,2.1,0.75,0.5,52.46958285,52.9586194,52.9586194,52.34229831,52.38881305,52.2799474,52.36079333,52.2648567,52.28007811
42,5,52,55.0212804,2.1,0.75,0.5,55.00617184,56.47965773,56.47965773,54.42149979,54.06977084,54.0448238,54.32840793,53.7711127,53.89617565
42,6,66,70.6039636,2.1,0.75,0.5,70.59502365,71.87841726,71.87841726,70.81969311,70.68629762,70.6130602,70.60074577,70.5935975,70.59841543
42,7,66,70.0198768,2.1,0.75,0.5,70.06325512,72.83810453,72.83810453,70.162815,69.67958647,69.63413129,69.63447268,69.1190245,69.04223399
42,8,82,86.0658547,2.1,0.75,0.5,86.06585472,87.08174327,87.08174327,84.89187336,84.46938035,84.14656358,85.32100092,84.1565388,84.07820847
42,9,60,65.4528129,2.1,0.75,0.5,65.54539817,66.22943371,66.22943371,65.54681827,65.26259612,65.22155962,65.39101532,65.234763,65.23476303
42,10,75,77.7785653,2.1,0.75,0.5,77.77856525,78.68002674,78.68002674,78.04282662,77.9570916,77.8404754,77.74142069,77.6234643,77.64513924
43,1,55,58.0589891,2.1,0.75,0.7,58.05898911,59.81356296,59.81356296,58.31628505,58.05945925,57.97003025,58.43995597,57.8799644,57.77054109
43,2,43,46.5062635,2.1,0.75,0.7,46.50626345,48.89538944,48.89538944,46.74855849,46.26203008,46.26075816,46.52412936,46.2767261,46.25076664
43,3,57,61.5807214,2.1,0.75,0.7,61.89955919,62.62053476,62.62053476,61.31987405,61.74318893,61.55624643,61.87066472,61.3408209,61.33237299
43,4,67,69.2847394,2.1,0.75,0.7,69.28585649,69.57279187,69.57279187,68.77127923,68.7645364,68.72861886,69.27464362,69.1719747,68.47753008
43,5,64,68.9834795,2.1,0.75,0.7,69.02370417,71.12654415,71.12654415,69.32232275,69.06958667,69.02855475,68.94372717,68.9833336,69.00839761
43,6,58,62.0792784,2.1,0.75,0.7,62.07927839,62.98896504,62.98896504,62.46499514,62.14521986,62.09406408,62.08951821,61.9921308,62.07509499
43,7,52,55.9037247,2.1,0.75,0.7,55.46027141,57.14762443,57.14762443,55.53490061,55.96558837,55.78316516,55.52769813,55.2560264,55.25602637
43,8,62,66.0067921,2.1,0.75,0.7,66.07325582,66.7541841,66.7541841,66.12145134,66.04412255,66.02181761,66.07855298,66.0029529,66.00295291
43,9,57,61.4232479,2.1,0.75,0.7,61.4232479,62.41239287,62.41239287,60.87733858,61.12207362,61.30455622,61.27873911,60.7557249,60.74356747
43,10,60,63.4790798,2.1,0.75,0.7,63.47156392,64.82100836,64.82100836,63.71533762,63.58817919,63.4992553,63.372396,63.3917614,63.39176138
44,1,50,50.6627364,2.1,0.75,1,50.58332266,54.67510352,54.67510352,51.65475208,50.90377981,50.83566341,50.68463099,50.6063826,50.60617791
44,2,54,57.1284708,2.1,0.75,1,57.18095651,59.82645057,59.82645057,57.66141742,57.22954725,57.0081398,57.36010168,56.8485971,56.84859714
44,3,51,52.5651958,2.1,0.75,1,52.57067973,55.53908483,55.53908483,53.42798557,53.06387217,52.52096341,52.09269797,51.9136786,51.92084554
44,4,57,61.1618911,2.1,0.75,1,61.35519887,62.38605415,62.38605415,61.56774313,61.30224102,61.1443488,61.13027092,60.8132528,60.66970167
44,5,55,57.5342448,2.1,0.75,1,58.01831956,60.73174947,60.73174947,58.36326386,58.15668184,57.76641634,57.57149752,57.5015267,57.50152675
44,6,56,56.4088752,2.1,0.75,1,57.6376368,59.97617729,59.97617729,58.09079556,57.64037868,56.91747479,56.68416356,56.9188532,56.38593649
44,7,42,45.6405844,2.1,0.75,1,45.25256355,48.09814371,48.09814371,45.60770236,45.62349308,45.22676406,45.20671203,45.569762,45.58855148
44,8,49,52.2649705,2.1,0.75,1,52.29303344,54.26068122,54.26068122,52.66283782,52.43938075,52.27905421,52.15465831,52.4581924,52.11774818
44,9,64,64.8095852,2.1,0.75,1,64.50348788,68.52026356,68.52026356,65.55296811,65.50721167,65.04308771,64.70201997,64.7766222,64.77811539
44,10,63,64.8577431,2.1,0.75,1,64.92265381,68.20709797,68.20709797,66.02900809,65.72919373,65.3151187,65.01857332,64.9227561,64.92151619
45,1,82,86.4839651,2.1,1,0.2,86.48500637,86.86325842,86.86325842,86.54384504,86.42636747,86.42265577,86.42265577,86.4309592,86.43095923
45,2,125,126.5065039,2.1,1,0.2,126.5065039,126.5065039,126.5065039,126.4736224,126.4736224,126.4736224,126.4736224,126.473622,126.4736224
45,3,92,94.3883993,2.1,1,0.2,94.38839927,94.4650541,94.4650541,94.4650541,94.18617303,94.12404503,94.11446006,94.1142756,94.11427557
45,4,84,88.4204599,2.1,1,0.2,88.42045988,88.98280094,88.98280094,88.45383387,88.38247761,88.35099718,88.34392706,88.3807595,88.38075949
45,5,86,89.3760443,2.1,1,0.2,89.70931524,89.71085992,89.71085992,89.37604428,89.37604428,89.37449959,89.37449959,88.7885306,89.37449959
45,6,129,132.7799645,2.1,1,0.2,132.7799645,132.8203649,132.8203649,132.5308014,132.1173986,132.1173986,132.0968923,132.08587,132.0883815
45,7,101,105.6404422,2.1,1,0.2,105.6404422,106.1001711,106.1001711,105.7512281,105.6404422,105.6404422,105.6404422,105.640442,105.6404422
45,8,94,95.6683704,2.1,1,0.2,95.55172606,97.07703868,97.07703868,95.74594499,95.56955744,95.47426975,95.47426975,95.4742697,95.47426975
45,9,82,86.3566497,2.1,1,0.2,86.31518134,86.70188798,86.70188798,86.2569504,86.15086674,86.16731738,86.17951068,86.1843769,86.18437687
45,10,90,94.1496499,2.1,1,0.2,94.17142358,94.60736616,94.60736616,93.9224324,93.9224324,93.9224324,93.9224324,94.038353,93.85244717
46,1,59,64.4893497,2.1,1,0.5,64.49016177,65.00231979,65.00231979,64.21305076,64.57128057,64.2515524,64.48906262,64.4447976,64.4447976
46,2,67,72.823494,2.1,1,0.5,72.79899957,74.35192663,74.35192663,72.54496851,72.40294287,72.36095221,72.47423232,72.3939254,72.39392543
46,3,65,70.062151,2.1,1,0.5,70.06314996,71.0824316,71.0824316,70.00369247,69.9630314,69.94063414,69.95325754,69.9359116,69.93591164
46,4,64,69.282083,2.1,1,0.5,69.28220123,70.25861475,70.25861475,69.5856294,69.33334837,69.32530296,69.28819886,69.283853,69.28397127
46,5,57,63.4085821,2.1,1,0.5,63.3405225,65.06541718,65.06541718,63.64035994,63.48671906,63.45996755,63.42951784,63.3709671,63.36279652
46,6,59,64.3004409,2.1,1,0.5,64.30044091,65.46829872,65.46829872,63.95626316,63.94417555,63.9407476,64.13556009,63.999473,63.99947299
46,7,59,63.551561,2.1,1,0.5,63.55156095,64.177749,64.177749,63.51549259,63.33605507,63.3381112,63.32929267,63.3276659,63.32766594
46,8,58,63.8365654,2.1,1,0.5,63.84234694,64.69312209,64.69312209,63.94931473,63.80443064,63.81739572,63.80792377,63.8124015,63.81240152
46,9,49,53.9168744,2.1,1,0.5,53.81027289,54.78361734,54.78361734,53.82849034,53.7509481,53.67284853,53.95930963,53.9012242,53.49788461
46,10,55,59.0836178,2.1,1,0.5,58.94585359,60.40336192,60.40336192,59.08908774,59.11829937,59.12839724,59.00901214,58.9839417,58.98394175
47,1,58,62.3588236,2.1,1,0.7,62.02641942,63.36029784,63.36029784,62.1593285,61.79405212,62.37568476,62.16442124,61.827444,61.82744401
47,2,59,61.0399122,2.1,1,0.7,61.02264961,63.4585842,63.4585842,61.01431673,61.22351409,61.18386171,61.17783455,61.0219521,61.02195211
47,3,55,59.1697397,2.1,1,0.7,59.16973968,61.68698919,61.68698919,59.32170822,59.19387452,59.18717575,59.17164435,59.1829094,59.18290944
47,4,49,54.6502725,2.1,1,0.7,54.19712546,55.74948866,55.74948866,53.53490058,53.44123613,53.99142316,53.73879617,53.9285062,53.96406337
47,5,47,50.8041274,2.1,1,0.7,50.80412736,51.78114498,51.78114498,50.70738163,50.6015681,50.60410542,50.79090889,50.5802823,50.63410805
47,6,53,58.5990712,2.1,1,0.7,58.30156278,60.05284166,60.05284166,58.33902031,58.24085331,58.16344373,58.53330628,58.0263649,58.04398197
47,7,66,69.1488164,2.1,1,0.7,69.26254609,71.54578562,71.54578562,69.83860795,69.4014664,69.23527232,69.20961099,69.1486806,69.1486806
47,8,48,51.2705342,2.1,1,0.7,51.10733447,54.73211068,54.73211068,51.5375143,51.44613002,51.12544844,51.13735754,51.3841228,51.46505788
47,9,65,70.0550613,2.1,1,0.7,70.1226658,72.48870057,72.48870057,70.27241228,69.68377194,69.78359818,69.76948286,69.2924882,69.29194403
47,10,60,65.4885352,2.1,1,0.7,65.39393139,67.54241158,67.54241158,65.14212325,65.21673232,65.2713927,65.26514221,65.1329699,65.01003739
48,1,63,64.2354691,2.1,1,1,64.23546907,66.85730033,66.85730033,64.96536119,65.13871847,65.03761229,64.30611132,64.2216034,64.22160337
48,2,54,55.7864679,2.1,1,1,55.78646794,57.19810134,57.19810134,55.12296297,55.12233641,55.04686561,54.7582499,54.8953471,54.89534707
48,3,50,52.0323403,2.1,1,1,51.60018191,54.36431824,54.36431824,52.08689904,52.1166818,51.8165114,52.78010907,51.8020689,51.58270999
48,4,57,59.896608,2.1,1,1,59.00391356,62.02219302,62.02219302,59.30202095,59.865562,59.83786089,59.0677696,59.003418,59.00391356
48,5,58,61.2181423,2.1,1,1,60.92317593,62.68757807,62.68757807,60.94280757,60.86988861,60.40035855,61.3560681,59.6083255,60.36209492
48,6,58,59.4208258,2.1,1,1,58.67014785,62.50412467,62.50412467,59.79153768,59.66135954,59.62256558,59.16205414,59.3457992,59.32172077
48,7,55,56.7786936,2.1,1,1,56.8092986,59.31150098,59.31150098,57.22380342,56.66434567,56.65910971,55.82504947,56.3549004,56.32790732
48,8,44,46.3094159,2.1,1,1,46.63220433,48.39764776,48.39764776,46.99562519,46.33366558,46.20807446,46.32574311,46.3644046,46.37477385
48,9,59,62.1667001,2.1,1,1,62.31188331,66.20028798,66.20028798,62.87268339,62.46988448,62.63158645,62.42053914,62.1113897,62.11141249
48,10,54,55.8973022,2.1,1,1,55.93993767,58.03403585,58.03403585,56.85150141,56.26173786,56.06313233,55.86943422,55.8456672,55.84709852